{
  "selected_model": "elasticnet",
  "model_name": "ElasticNet",
  "score": 71.01156928534907,
  "metrics": {
    "r2_test": 0.45465020165354875,
    "rmse_test": 0.03741096276260168,
    "sigma": 0.028462466245525144
  },
  "regime_distribution": {
    "in_line_pct": 0.6507936507936508,
    "stretch_pct": 0.30952380952380953,
    "break_pct": 0.03968253968253968
  },
  "stability": {
    "mean_abs_change": 0.0106622393143375,
    "max_monthly_jump": 0.04859673734696668,
    "change_std": 0.013601476257368683
  }
}